nome,cognome,legislatura,incarico
VITA,MARTINCIGLIO,18,CAPOGRUPPO
ROBERTA,ALAIMO,18,CAPOGRUPPO
ELISA,TRIPODI,18,SEGRETARIO
MARA,LAPIA,18,SEGRETARIO
MARA,LAPIA,18,CAPOGRUPPO
MARIALUCIA,LOREFICE,18,PRESIDENTE
MARIALUCIA,LOREFICE,18,CAPOGRUPPO
VITTORIA,CASA,18,PRESIDENTE
MIRELLA,EMILIOZZI,18,SEGRETARIO
MIRELLA,EMILIOZZI,18,VICEPRESIDENTE
PATRIZIA,TERZONI,18,VICEPRESIDENTE
SIMONA,SURIANO,18,CAPOGRUPPO
SIMONA,SURIANO,18,VICEPRESIDENTE
GIULIA,GRILLO,18,CAPOGRUPPO
LUCIANA,VIVIANI,2,SEGRETARIO
LUCIANA,VIVIANI,3,SEGRETARIO
LUCIANA,VIVIANI,4,VICEPRESIDENTE
DOLORES,ABBIATI,6,SEGRETARIO
DOLORES,ABBIATI,7,VICEPRESIDENTE
CARMEN,CASAPIERI,7,SEGRETARIO
ELETTA,BERTANI,7,SEGRETARIO
ELETTA,BERTANI,8,SEGRETARIO
ROMANA,BIANCHI,8,SEGRETARIO
EMMA,BONINO,10,SEGRETARIO
EMMA,BONINO,11,SEGRETARIO
EMMA,BONINO,12,SEGRETARIO
EMMA,BONINO,7,SEGRETARIO
GIOVANNA,BOSI,8,VICEPRESIDENTE
GIOVANNA,BOSI,8,SEGRETARIO
GIOVANNA,BOSI,9,VICEPRESIDENTE
ANGELA MARIA,BOTTARI,7,SEGRETARIO
MARIA TERESA,CARLONI,8,SEGRETARIO
PAOLA,CAVIGLIASSO,7,SEGRETARIO
MARIA,COCCO,9,VICEPRESIDENTE
MARIA,COCCO,9,SEGRETARIO
GIANCARLA,CODRIGNANI,8,SEGRETARIO
GIANCARLA,CODRIGNANI,9,SEGRETARIO
CRISTINA,CONCHIGLIA,8,SEGRETARIO
ANGELA,GIOVAGNOLI,9,SEGRETARIO
MARIA TERESA,GRANATI,8,VICEPRESIDENTE
FRANCESCA,LODOLINI,8,SEGRETARIO
ENZA,MARCHI,7,SEGRETARIO
CARLA FEDERICA,NESPOLO,7,SEGRETARIO
MARIA AUGUSTA,PECCHIA,8,SEGRETARIO
CECILIA,CHIOVINI,7,VICEPRESIDENTE
VITTORIA,QUARENGHI,7,SEGRETARIO
VITTORIA,QUARENGHI,8,SEGRETARIO
ANNA MARIA,CIAI,7,VICEPRESIDENTE
ALBA,SCARAMUCCI,9,SEGRETARIO
IDA,D'ESTE,2,SEGRETARIO
MARIA LISA,CINCIARI,4,VICEPRESIDENTE
ELENA,GATTI CAPORASO,2,SEGRETARIO
TERESA,MATTEI,Costituente,SEGRETARIO
ANGIOLA,MINELLA,3,VICEPRESIDENTE
GIULIANA,NENNI,1,SEGRETARIO
SILVIA,BARBIERI,10,VICEPRESIDENTE
MARGHERITA,BONIVER,10,VICEPRESIDENTE
MARGHERITA,BONIVER,15,VICEPRESIDENTE
MARGHERITA,BONIVER,16,PRESIDENTE
CARLA,CASTELLANI,16,CAPOGRUPPO
EDDA,FAGNI,10,VICEPRESIDENTE
EDDA,FAGNI,9,SEGRETARIO
CARLA,ROCCHI,14,CAPOGRUPPO
CARLA,ROCCHI,14,SEGRETARIO
ERSILIA,SALVATO,7,SEGRETARIO
MARIA GRAZIA,SILIQUINI,16,CAPOGRUPPO
CARMEN PAOLA,ZANTI,4,SEGRETARIO
CARMEN PAOLA,ZANTI,5,SEGRETARIO
PIERA,BONETTI,9,VICEPRESIDENTE
ANNA MARIA,CASTELLI,8,SEGRETARIO
ANGELA,FRANCESE,10,SEGRETARIO
ANGELA,FRANCESE,9,SEGRETARIO
VALENTINA,LANFRANCHI,9,SEGRETARIO
ANNA MARIA,VIETTI,8,SEGRETARIO
ROSSELLA,ARTIOLI,10,SEGRETARIO
ROSSELLA,ARTIOLI,10,VICEPRESIDENTE
ROSSELLA,ARTIOLI,11,VICEPRESIDENTE
FLORA,CALVANESE,10,SEGRETARIO
MARIA TERESA,CAPECCHI,10,SEGRETARIO
ADRIANA,CECI,10,VICEPRESIDENTE
LEDA,COLOMBINI,10,SEGRETARIO
LAURA,FINCATO,15,CAPOGRUPPO
LAURA,FINCATO,9,VICEPRESIDENTE
BIANCA,GELLI,10,VICEPRESIDENTE
TERESA,MIGLIASSO,9,SEGRETARIO
ROSANNA,MINOZZI,10,SEGRETARIO
ANNA MARIA,NUCCI,9,SEGRETARIO
ADRIANA,POLI BORTONE,12,VICEPRESIDENTE
NEIDE,UMIDI,10,SEGRETARIO
SILVIA,COSTA,11,SEGRETARIO
ROBERTA,BREDA,10,VICEPRESIDENTE
ROBERTA,BREDA,11,VICEPRESIDENTE
ELENA,MONTECCHI,11,QUESTORE
ELENA,MONTECCHI,12,SEGRETARIO
ELENA,MONTECCHI,13,SEGRETARIO
ELISABETTA,CONCI,3,SEGRETARIO
ERISIA,GENNAI TONIETTI,3,SEGRETARIO
TINA,ANSELMI,8,PRESIDENTE
TINA,ANSELMI,9,PRESIDENTE
PATRIZIA,ARNABOLDI,10,SEGRETARIO
CAROLE JANE,BEEBE,11,VICEPRESIDENTE
CRISTINA,BEVILACQUA,10,VICEPRESIDENTE
LAURA,CIMA,14,SEGRETARIO
ELISABETTA,DI PRISCO,11,SEGRETARIO
ANNA,FINOCCHIARO,10,VICEPRESIDENTE
ANNA,FINOCCHIARO,11,SEGRETARIO
ANNA,FINOCCHIARO,13,PRESIDENTE
ANNA,FINOCCHIARO,14,CAPOGRUPPO
BATTISTINA,FUMAGALLI CARULLI,10,PRESIDENTE
BATTISTINA,FUMAGALLI CARULLI,11,PRESIDENTE
MARIA TERESA,GROSSO,10,VICEPRESIDENTE
BIANCA,GUIDETTI SERRA,10,SEGRETARIO
MARIA RITA,LORENZETTI,11,SEGRETARIO
MARIA RITA,LORENZETTI,13,PRESIDENTE
SUSANNA,AGNELLI,7,SEGRETARIO
KATIA,BELLILLO,14,SEGRETARIO
KATIA,BELLILLO,14,CAPOGRUPPO
KATIA,BELLILLO,15,CAPOGRUPPO
MARINA,SERENI,17,PRESIDENTE
MARINA,SERENI,17,VICEPRESIDENTE
ANNA MARIA,LEONE,14,CAPOGRUPPO
ANNA MARIA,LEONE,14,SEGRETARIO
ANNA MARIA,LEONE,14,VICEPRESIDENTE
FRANCESCA,MARTINI,14,CAPOGRUPPO
FRANCESCA,MARTINI,14,SEGRETARIO
CARMEN,MOTTA,15,VICEPRESIDENTE
CARMEN,MOTTA,16,VICEPRESIDENTE
ROSELLA,OTTONE,15,SEGRETARIO
DORINA,BIANCHI,14,CAPOGRUPPO
DORINA,BIANCHI,15,VICEPRESIDENTE
DORINA,BIANCHI,17,CAPOGRUPPO
FRANCA,BIMBI,15,PRESIDENTE
RAFFAELLA,MARIANI,15,CAPOGRUPPO
RAFFAELLA,MARIANI,16,CAPOGRUPPO
RAFFAELLA,MARIANI,17,VICEPRESIDENTE
LORENA,MILANATO,16,SEGRETARIO
LORENA,MILANATO,16,PRESIDENTE
LORENA,MILANATO,17,SEGRETARIO
GABRIELLA,MONDELLO,15,SEGRETARIO
GABRIELLA,MONDELLO,16,SEGRETARIO
ROBERTA,PINOTTI,15,PRESIDENTE
JOLE,SANTELLI,16,VICEPRESIDENTE
JOLE,SANTELLI,17,CAPOGRUPPO
GABRIELLA,CARLUCCI,15,SEGRETARIO
GABRIELLA,CARLUCCI,16,VICEPRESIDENTE
ERMINIA,MAZZONI,14,CAPOGRUPPO
ERMINIA,MAZZONI,15,CAPOGRUPPO
VIVIANA,BECCALOSSI,16,CAPOGRUPPO
OLGA,DI SERIO,15,CAPOGRUPPO
MONICA STEFANIA,BALDI,14,SEGRETARIO
ISABELLA,BERTOLINI,15,VICEPRESIDENTE
SIMONETTA,LICASTRO SCARDINO,14,SEGRETARIO
CAROLINA,LUSSANA,14,CAPOGRUPPO
CAROLINA,LUSSANA,14,VICEPRESIDENTE
CAROLINA,LUSSANA,15,CAPOGRUPPO
CAROLINA,LUSSANA,16,PRESIDENTE
CAROLINA,LUSSANA,16,VICEPRESIDENTE
CAROLINA,LUSSANA,16,CAPOGRUPPO
CAROLINA,LUSSANA,16,SEGRETARIO
CHIARA,MORONI,14,SEGRETARIO
CHIARA,MORONI,16,CAPOGRUPPO
PATRIZIA,PAOLETTI TANGHERONI,14,SEGRETARIO
PATRIZIA,PAOLETTI TANGHERONI,15,CAPOGRUPPO
LUANA,ZANELLA,15,CAPOGRUPPO
KATIA,ZANOTTI,15,CAPOGRUPPO
GRAZIELLA,MASCIA,14,CAPOGRUPPO
GRAZIELLA,MASCIA,15,CAPOGRUPPO
CATERINA,DE SIMONE,14,CAPOGRUPPO
CATERINA,DE SIMONE,15,CAPOGRUPPO
CATERINA,DE SIMONE,15,SEGRETARIO
CATERINA,DE SIMONE,15,PRESIDENTE
ELETTRA,DEIANA,14,CAPOGRUPPO
ELETTRA,DEIANA,15,VICEPRESIDENTE
CARLA,MAZZUCA,12,PRESIDENTE
CARLA,MAZZUCA,14,SEGRETARIO
CARLA,MAZZUCA,14,CAPOGRUPPO
ALBA,SASSO,14,SEGRETARIO
ALBA,SASSO,15,CAPOGRUPPO
ALBA,SASSO,15,VICEPRESIDENTE
OSVALDA,TRUPIA,11,SEGRETARIO
OSVALDA,TRUPIA,14,SEGRETARIO
OSVALDA,TRUPIA,14,PRESIDENTE
OSVALDA,TRUPIA,15,SEGRETARIO
CINZIA,DATO,15,CAPOGRUPPO
CINZIA,DATO,15,SEGRETARIO
MARILDE,PROVERA,14,CAPOGRUPPO
MARILDE,PROVERA,15,CAPOGRUPPO
MARILDE,PROVERA,15,SEGRETARIO
LAURA,FRONER,16,VICEPRESIDENTE
MANUELA,DI CENTA,15,SEGRETARIO
MARIASTELLA,GELMINI,17,CAPOGRUPPO
EMILIA GRAZIA,DE BIASI,16,SEGRETARIO
LUISA,CAPITANIO,15,VICEPRESIDENTE
LUISA,CAPITANIO,16,CAPOGRUPPO
LUISA,CAPITANIO,16,SEGRETARIO
PAOLA,FRASSINETTI,16,VICEPRESIDENTE
PAOLA,FRASSINETTI,16,PRESIDENTE
LAURA,RAVETTO,16,PRESIDENTE
LAURA,RAVETTO,17,PRESIDENTE
LINDA,LANZILLOTTA,16,CAPOGRUPPO
LINDA,LANZILLOTTA,16,SEGRETARIO
DONATA,LENZI,15,CAPOGRUPPO
DONATA,LENZI,16,CAPOGRUPPO
DONATA,LENZI,17,CAPOGRUPPO
MANUELA,GHIZZONI,15,CAPOGRUPPO
MANUELA,GHIZZONI,16,CAPOGRUPPO
MANUELA,GHIZZONI,16,PRESIDENTE
MANUELA,GHIZZONI,17,VICEPRESIDENTE
SILVIA,VELO,16,VICEPRESIDENTE
MARIZA ANTONIETTA GIUDITTA,BAFILE,15,SEGRETARIO
MARIZA ANTONIETTA GIUDITTA,BAFILE,15,PRESIDENTE
MARISA,NICCHI,15,CAPOGRUPPO
MARISA,NICCHI,17,CAPOGRUPPO
ROSA,SUPPA,15,SEGRETARIO
MARIA CRISTINA,PERUGIA,15,CAPOGRUPPO
GIULIA,BONGIORNO,16,PRESIDENTE
MARIA ROSARIA,CARFAGNA,15,SEGRETARIO
MARIA,LEDDI,15,SEGRETARIO
SILVANA,MURA,15,CAPOGRUPPO
SILVANA,MURA,15,SEGRETARIO
SILVANA,MURA,16,SEGRETARIO
ELISABETTA,GARDINI,15,SEGRETARIO
GIUSEPPINA,CASTIELLO,15,CAPOGRUPPO
GIUSEPPINA,CASTIELLO,16,SEGRETARIO
GIUSEPPINA,CASTIELLO,17,SEGRETARIO
GIUSEPPINA,CASTIELLO,17,CAPOGRUPPO
TERESA MARIA,DI SALVO,15,SEGRETARIO
TERESA MARIA,DI SALVO,17,VICEPRESIDENTE
TERESA MARIA,DI SALVO,17,CAPOGRUPPO
PAOLA,GOISIS,15,CAPOGRUPPO
PAOLA,GOISIS,16,CAPOGRUPPO
PAOLA,GOISIS,16,SEGRETARIO
GRAZIA CARLA,FRANCESCATO,15,CAPOGRUPPO
DANIELA,DIOGUARDI,15,CAPOGRUPPO
ANGELA,LOMBARDI,15,CAPOGRUPPO
DONATELLA,DURANTI,15,CAPOGRUPPO
DONATELLA,DURANTI,17,CAPOGRUPPO
DONATELLA,DURANTI,17,VICEPRESIDENTE
MARIA,SAMPERI,15,PRESIDENTE
MARIA,SAMPERI,16,SEGRETARIO
PAOLA,PELINO,16,SEGRETARIO
ANNA TERESA,FORMISANO,16,CAPOGRUPPO
ANNA TERESA,FORMISANO,16,SEGRETARIO
DONATELLA,PORETTI,15,CAPOGRUPPO
DONATELLA,PORETTI,15,SEGRETARIO
ROSALBA,CESINI,15,CAPOGRUPPO
GIORGIA,MELONI,15,VICEPRESIDENTE
GIORGIA,MELONI,15,PRESIDENTE
GIORGIA,MELONI,17,CAPOGRUPPO
DONATELLA,MUNGO,15,CAPOGRUPPO
DONATELLA,MUNGO,15,SEGRETARIO
MARIA LETIZIA,DE TORRE,16,SEGRETARIO
SANDRA,CIOFFI,15,CAPOGRUPPO
SANDRA,CIOFFI,15,SEGRETARIO
MICHAELA,BIANCOFIORE,16,SEGRETARIO
CAYETANA,DE ZULUETA OWTRAM,15,CAPOGRUPPO
CAYETANA,DE ZULUETA OWTRAM,15,VICEPRESIDENTE
FEDERICA,ROSSI,15,CAPOGRUPPO
GIUSTINA,MISTRELLO,16,CAPOGRUPPO
PAOLA,BINETTI,16,CAPOGRUPPO
PAOLA,BINETTI,17,CAPOGRUPPO
COLOMBA,MONGIELLO,17,VICEPRESIDENTE
SIMONETTA,RUBINATO,17,SEGRETARIO
ROSA MARIA,VILLECCO,16,CAPOGRUPPO
ROSA MARIA,VILLECCO,17,VICEPRESIDENTE
DANIELA,MELCHIORRE,16,CAPOGRUPPO
DANIELA,MELCHIORRE,16,SEGRETARIO
PAOLA,BALDUCCI,15,CAPOGRUPPO
LAURA,MOLTENI,16,CAPOGRUPPO
ALESSIA MARIA,MOSCA,16,SEGRETARIO
ALESSIA MARIA,MOSCA,17,CAPOGRUPPO
EUGENIA MARIA,ROCCELLA,17,CAPOGRUPPO
EUGENIA MARIA,ROCCELLA,17,VICEPRESIDENTE
DONATELLA,FERRANTI,16,CAPOGRUPPO
DONATELLA,FERRANTI,17,PRESIDENTE
CHIARA,BRAGA,17,PRESIDENTE
FIAMMA,NIRENSZTEJN,16,VICEPRESIDENTE
ERICA,RIVOLTA,16,SEGRETARIO
ANNA,ROSSOMANDO,17,SEGRETARIO
ANNA,ROSSOMANDO,17,CAPOGRUPPO
BEATRICE,LORENZIN,16,SEGRETARIO
NUNZIA,DE GIROLAMO,17,VICEPRESIDENTE
MARIA,COSCIA,16,CAPOGRUPPO
MARIA,COSCIA,16,SEGRETARIO
MARIA,COSCIA,17,CAPOGRUPPO
LUISA,BOSSA,17,CAPOGRUPPO
MANUELA,DAL LAGO,16,PRESIDENTE
MANUELA,LANZARIN,16,CAPOGRUPPO
ANNA MARGHERITA,MIOTTO,16,CAPOGRUPPO
ANNA MARGHERITA,MIOTTO,17,SEGRETARIO
FEDERICA,MOGHERINI,16,SEGRETARIO
FEDERICA,MOGHERINI,17,PRESIDENTE
DANIELA,SBROLLINI,17,VICEPRESIDENTE
MARIA PIERA,PASTORE,16,CAPOGRUPPO
MARIA PIERA,PASTORE,16,SEGRETARIO
MICHELA VITTORIA,BRAMBILLA,17,PRESIDENTE
CATERINA,PES,17,SEGRETARIO
SANDRA,ZAMPA,16,CAPOGRUPPO
SANDRA,ZAMPA,17,VICEPRESIDENTE
MARIALUISA,GNECCHI,17,CAPOGRUPPO
DEBORAH,BERGAMINI,16,SEGRETARIO
DEBORAH,BERGAMINI,16,VICEPRESIDENTE
DEBORAH,BERGAMINI,17,VICEPRESIDENTE
DEBORAH,BERGAMINI,17,PRESIDENTE
DEBORAH,BERGAMINI,17,CAPOGRUPPO
MONICA,FAENZI,17,CAPOGRUPPO
ELVIRA,SAVINO,17,SEGRETARIO
ELVIRA,SAVINO,17,CAPOGRUPPO
SOUAD,SBAI,16,SEGRETARIO
LAURA,GARAVINI,17,SEGRETARIO
DORIS,LO MORO,16,PRESIDENTE
DORIS,LO MORO,16,VICEPRESIDENTE
DORIS,LO MORO,16,SEGRETARIO
BARBARA,SALTAMARTINI,16,CAPOGRUPPO
BARBARA,SALTAMARTINI,17,VICEPRESIDENTE
MARIA ANTONIETTA,FARINA,16,SEGRETARIO
ELENA,CENTEMERO,17,SEGRETARIO
ELENA,CENTEMERO,17,CAPOGRUPPO
GABRIELLA,GIAMMANCO,17,SEGRETARIO
GABRIELLA,GIAMMANCO,17,CAPOGRUPPO
GIOVANNA,PETRENGA,17,VICEPRESIDENTE
GIOVANNA,PETRENGA,17,CAPOGRUPPO
CATIA,POLIDORI,16,CAPOGRUPPO
CATIA,POLIDORI,17,CAPOGRUPPO
MARIA ELENA,STASI,16,CAPOGRUPPO
ANITA,DI GIUSEPPE,16,CAPOGRUPPO
MARIA,ANTEZZA,17,SEGRETARIO
ANNAGRAZIA,CALABRIA,17,CAPOGRUPPO
MARIA LUISA,SANGIORGIO,10,SEGRETARIO
MARIA LUISA,SANGIORGIO,11,SEGRETARIO
MILENA,SANTERINI,17,CAPOGRUPPO
TATIANA,BASILIO,17,CAPOGRUPPO
LAURA,CASTELLI,17,VICEPRESIDENTE
LAURA,CASTELLI,17,CAPOGRUPPO
SILVIA,CHIMIENTI,17,CAPOGRUPPO
ELEONORA,BECHIS,17,CAPOGRUPPO
ELEONORA,BECHIS,17,SEGRETARIO
ELENA,CARNEVALI,17,CAPOGRUPPO
MARIA CHIARA,GADDA,17,SEGRETARIO
MARINA,BERLINGHIERI,17,CAPOGRUPPO
RENATE,GEBHARD,17,CAPOGRUPPO
RENATE,GEBHARD,17,SEGRETARIO
CELESTINA,COSTANTINO,17,CAPOGRUPPO
CELESTINA,COSTANTINO,17,SEGRETARIO
FRANCESCA,BUSINAROLO,17,SEGRETARIO
SILVIA,BENEDETTI,17,SEGRETARIO
GESSICA,ROSTELLATO,17,CAPOGRUPPO
ILARIA,CAPUA,17,CAPOGRUPPO
ILARIA,CAPUA,17,VICEPRESIDENTE
GIOVANNA,MARTELLI,17,CAPOGRUPPO
ARIANNA,SPESSOTTO,17,CAPOGRUPPO
ARIANNA,SPESSOTTO,17,SEGRETARIO
SANDRA,SAVINO,17,CAPOGRUPPO
ADRIANA EDEN SUSANNA,GALGANO,17,CAPOGRUPPO
ADRIANA EDEN SUSANNA,GALGANO,17,SEGRETARIO
TIZIANA,CIPRINI,17,CAPOGRUPPO
MARILENA,FABBRI,17,VICEPRESIDENTE
ROBERTA,OLIARO,17,CAPOGRUPPO
LAURA,VENITTELLI,17,VICEPRESIDENTE
MARIA VALENTINA,VEZZALI,17,CAPOGRUPPO
LAURA,BOLDRINI,17,PRESIDENTE
RENATA,POLVERINI,17,CAPOGRUPPO
RENATA,POLVERINI,17,VICEPRESIDENTE
IRENE,MANZI,17,SEGRETARIO
FEDERICA,DAGA,17,CAPOGRUPPO
MARTA,GRANDE,17,SEGRETARIO
PATRIZIA,TERZONI,17,CAPOGRUPPO
PATRIZIA,TERZONI,17,SEGRETARIO
CARLA,RUOCCO,17,VICEPRESIDENTE
MONICA,GREGORI,17,CAPOGRUPPO
ROBERTA,AGOSTINI,17,VICEPRESIDENTE
VALERIA,VALENTE,17,SEGRETARIO
VALERIA,VALENTE,17,PRESIDENTE
VINCENZA,LABRIOLA,17,CAPOGRUPPO
ANNA LUCIA LISA,PANNARALE,17,SEGRETARIO
ANNA LUCIA LISA,PANNARALE,17,CAPOGRUPPO
VEGA,COLONNESE,17,CAPOGRUPPO
SILVIA,GIORDANO,17,CAPOGRUPPO
SILVIA,GIORDANO,17,SEGRETARIO
VANNA,IORI,17,SEGRETARIO
MARA,MUCCI,17,VICEPRESIDENTE
MARA,MUCCI,17,CAPOGRUPPO
MARIA EDERA,SPADONI,17,PRESIDENTE
MIRELLA,LIUZZI,17,SEGRETARIO
IRENE,TINAGLI,17,CAPOGRUPPO
FLAVIA,PICCOLI,17,PRESIDENTE
FLAVIA,PICCOLI,17,SEGRETARIO
FLAVIA,PICCOLI,17,VICEPRESIDENTE
FABIANA,DADONE,17,CAPOGRUPPO
EMANUELA,CORDA,17,CAPOGRUPPO
PAOLA,PINNA,17,SEGRETARIO
PAOLA,PINNA,17,CAPOGRUPPO
CHIARA,DI BENEDETTO,17,CAPOGRUPPO
LOREDANA,LUPO,17,CAPOGRUPPO
AZZURRA PIA MARIA,CANCELLERI,17,SEGRETARIO
CLAUDIA,MANNINO,17,SEGRETARIO
CLAUDIA,MANNINO,17,CAPOGRUPPO
GIULIA,GRILLO,17,CAPOGRUPPO
MARIA,MARZANA,17,SEGRETARIO
MARIALUCIA,LOREFICE,17,CAPOGRUPPO
CHIARA,GAGNARLI,17,VICEPRESIDENTE
MARIA GAETANA,GRECO,17,SEGRETARIO
DALILA,NESCI,17,CAPOGRUPPO
DALILA,NESCI,17,VICEPRESIDENTE
MARIA CHIARA,CARROZZA,17,VICEPRESIDENTE
MARIA TINDARA,GULLO,17,CAPOGRUPPO
FEDERICA,DIENI,17,CAPOGRUPPO
ELISA,SIMONI,17,CAPOGRUPPO
VINCENZA,BRUNO BOSSIO,17,CAPOGRUPPO
ROSANNA,SCOPELLITI,17,CAPOGRUPPO
MARIA ELENA,BOSCHI,17,SEGRETARIO
LIA,QUARTAPELLE PROCOPIO,17,SEGRETARIO
LIA,QUARTAPELLE PROCOPIO,17,CAPOGRUPPO
MARTINA,NARDI,17,CAPOGRUPPO
ELEONORA,CIMBRO,17,VICEPRESIDENTE
ELEONORA,CIMBRO,17,CAPOGRUPPO
ELEONORA,CIMBRO,17,SEGRETARIO
DANIELA MATILDE MARIA,GASPARINI,17,SEGRETARIO
ANNA MARIA,SERAFINI,13,VICEPRESIDENTE
PIA ELDA,LOCATELLI,17,CAPOGRUPPO
PIA ELDA,LOCATELLI,17,PRESIDENTE
PIA ELDA,LOCATELLI,17,VICEPRESIDENTE
PAOLA,CARINELLI,17,CAPOGRUPPO
PAOLA,CARINELLI,17,VICEPRESIDENTE
RENATA,BUENO,17,CAPOGRUPPO
RENATA,BUENO,17,SEGRETARIO
ANGELA,NISSOLI,17,SEGRETARIO
ANGELA,NISSOLI,17,CAPOGRUPPO
SERENA,PELLEGRINO,17,CAPOGRUPPO
SERENA,PELLEGRINO,17,VICEPRESIDENTE
LARA,RICCIATTI,17,CAPOGRUPPO
ILEANA CATHIA,PIAZZONI,17,SEGRETARIO
SOFIA,AMODDIO,17,PRESIDENTE
GIANNA,SERRA,11,VICEPRESIDENTE
MARIA,TADDEI,10,SEGRETARIO
LIVIA,TURCO,16,CAPOGRUPPO
LEONILDE,IOTTI,Costituente,SEGRETARIO
LEONILDE,IOTTI,1,SEGRETARIO
LEONILDE,IOTTI,10,PRESIDENTE
LEONILDE,IOTTI,11,PRESIDENTE
LEONILDE,IOTTI,13,PRESIDENTE
LEONILDE,IOTTI,6,VICEPRESIDENTE
LEONILDE,IOTTI,7,PRESIDENTE
LEONILDE,IOTTI,8,PRESIDENTE
LEONILDE,IOTTI,9,PRESIDENTE
ELISABETTA,BERTOTTI,11,SEGRETARIO
ELISABETTA,BERTOTTI,12,SEGRETARIO
ANNA MARIA,BIRICOTTI,13,VICEPRESIDENTE
MARIDA,BOLOGNESI,11,SEGRETARIO
MARIDA,BOLOGNESI,12,QUESTORE
MARIDA,BOLOGNESI,13,PRESIDENTE
MAURA,CAMOIRANO,13,QUESTORE
MARIA SIMONA,DALLA CHIESA,12,VICEPRESIDENTE
TIZIANA,MAIOLO,11,VICEPRESIDENTE
TIZIANA,MAIOLO,12,PRESIDENTE
TIZIANA,MAIOLO,13,SEGRETARIO
ALESSANDRA,MUSSOLINI,12,VICEPRESIDENTE
ALESSANDRA,MUSSOLINI,16,PRESIDENTE
IRENE,PIVETTI,12,PRESIDENTE
BARBARA MARIA SIMONETTA,POLLASTRINI,16,VICEPRESIDENTE
ALFONSINA,RINALDI,11,VICEPRESIDENTE
ADRIANA,LODI,10,VICEPRESIDENTE
ADRIANA,LODI,6,SEGRETARIO
ADRIANA,LODI,7,SEGRETARIO
ADRIANA,LODI,9,VICEPRESIDENTE
LUCIANA,SBARBATI,12,VICEPRESIDENTE
MARIA TERESA,AMICI,14,SEGRETARIO
MARIA TERESA,AMICI,15,SEGRETARIO
MARIA TERESA,AMICI,16,CAPOGRUPPO
MARIA TERESA,AMICI,16,VICEPRESIDENTE
MARIA TERESA,AMICI,17,CAPOGRUPPO
VALENTINA,APREA,12,SEGRETARIO
VALENTINA,APREA,15,SEGRETARIO
VALENTINA,APREA,15,PRESIDENTE
VALENTINA,APREA,16,SEGRETARIO
VALENTINA,APREA,16,PRESIDENTE
ADRIA,BARTOLICH,13,SEGRETARIO
DIANA,BATTAGGIA,12,SEGRETARIO
ROSARIA,BINDI,14,CAPOGRUPPO
ROSARIA,BINDI,16,VICEPRESIDENTE
ROSARIA,BINDI,16,PRESIDENTE
ROSARIA,BINDI,16,DELEGATO AL COORDINAMENTO DELLE ATTIVITA'
ROSARIA,BINDI,17,PRESIDENTE
DARIA,BONFIETTI,12,SEGRETARIO
MARIA,BURANI PROCACCINI,13,SEGRETARIO
MARIA,BURANI PROCACCINI,14,CAPOGRUPPO
MARIA,BURANI PROCACCINI,14,PRESIDENTE
MARIA,CARAZZI,13,SEGRETARIO
MARIELLA MARIA RITA,CAVANNA SCIREA,13,PRESIDENTE
MARIA,MAGNANI NOYA,7,SEGRETARIO
FRANCESCA,CHIAVACCI,12,VICEPRESIDENTE
ELENA EMMA,CORDONI,14,SEGRETARIO
ELENA EMMA,CORDONI,14,CAPOGRUPPO
ELENA EMMA,CORDONI,15,SEGRETARIO
ELENA EMMA,CORDONI,15,PRESIDENTE
ALBERTA,DE SIMONE,13,SEGRETARIO
ALBERTA,DE SIMONE,14,SEGRETARIO
GIOVANNA,GRIGNAFFINI,14,CAPOGRUPPO
ROSA,JERVOLINO RUSSO,12,VICEPRESIDENTE
ROSA,JERVOLINO RUSSO,12,PRESIDENTE
ROSA,JERVOLINO RUSSO,13,PRESIDENTE
PAOLA,MANZINI,14,QUESTORE
PAOLA,MARIANI,14,CAPOGRUPPO
FRANCA MARIA,MARINO BUCCELLATO,12,SEGRETARIO
ROSANNA,MORONI,13,SEGRETARIO
ANGELA,NAPOLI,14,VICEPRESIDENTE
ANGELA,NAPOLI,16,CAPOGRUPPO
MARIA CELESTE,NARDINI,13,PRESIDENTE
MARIA CELESTE,NARDINI,14,CAPOGRUPPO
TIZIANA,PARENTI,12,PRESIDENTE
TIZIANA,PARENTI,13,VICEPRESIDENTE
MARIA ELETTA,MARTINI,6,SEGRETARIO
MARIA ELETTA,MARTINI,7,VICEPRESIDENTE
MARIA ELETTA,MARTINI,7,PRESIDENTE
MARIA ELETTA,MARTINI,8,VICEPRESIDENTE
MARIA ELETTA,MARTINI,8,PRESIDENTE
GABRIELLA,PISTONE,13,SEGRETARIO
GABRIELLA,PISTONE,14,SEGRETARIO
GABRIELLA,PISTONE,14,CAPOGRUPPO
GABRIELLA,PISTONE,14,DELEGATO ALLA PRESIDENZA
ROBERTA,PIZZICARA,12,SEGRETARIO
STEFANIA,PRESTIGIACOMO,17,CAPOGRUPPO
STEFANIA,PRESTIGIACOMO,17,VICEPRESIDENTE
TOMASA,SALVO,12,SEGRETARIO
MARIA CONCETTA,SCOCA,13,VICEPRESIDENTE
GIUSEPPINA,SERVODIO,13,SEGRETARIO
GIUSEPPINA,SERVODIO,15,VICEPRESIDENTE
ANTONIETTA,VASCON,12,SEGRETARIO
SONIA,VIALE,12,SEGRETARIO
TIZIANA,VALPIANA,12,SEGRETARIO
TIZIANA,VALPIANA,14,SEGRETARIO
TIZIANA,VALPIANA,14,CAPOGRUPPO
PATRIZIA,TOIA,12,SEGRETARIO
MARIA AGOSTINA,PELLEGATTA,6,SEGRETARIO
MARIA CHIARA,ACCIARINI,13,SEGRETARIO
ANNA MARIA,DE LUCA,13,VICEPRESIDENTE
MARCELLA,LUCIDI,14,SEGRETARIO
GIOVANNA,BIANCHI CLERICI,14,CAPOGRUPPO
GIOVANNA,BIANCHI CLERICI,14,VICEPRESIDENTE
GRAZIA LUCIANA,LABATE,14,CAPOGRUPPO
SILVANA,DAMERI,13,SEGRETARIO
GLORIA,BUFFO,15,CAPOGRUPPO
GLORIA,BUFFO,15,PRESIDENTE
PIERA,CAPITELLI,14,SEGRETARIO
SANDRA,FEI,13,SEGRETARIO
MAURA,COSSUTTA,14,CAPOGRUPPO
IDA,D'IPPOLITO,16,SEGRETARIO
LUCIANA,SGARBI BOMPANI,6,VICEPRESIDENTE
MARIA,ALESSI,4,SEGRETARIO
MARIA,BADALONI,2,SEGRETARIO
MARIA,BADALONI,5,SEGRETARIO
ERNESTA,BELUSSI,7,SEGRETARIO
ERNESTA,BELUSSI,8,VICEPRESIDENTE
ERNESTA,BELUSSI,8,SEGRETARIO
ADELE,BEI,Costituente,SEGRETARIO
BIANCA,BIANCHI,1,SEGRETARIO
MARGHERITA,BONTADE,1,SEGRETARIO
MARGHERITA,BONTADE,2,SEGRETARIO
MARGHERITA,BONTADE,3,SEGRETARIO
ANNA,DE LAURO,2,SEGRETARIO
FILOMENA,DELLI CASTELLI,1,SEGRETARIO
ROSA,FAZIO,1,SEGRETARIO
GISELLA,FLOREANINI,2,SEGRETARIO
NADIA,GALLICO,1,SEGRETARIO
NIVES,GESSI,5,SEGRETARIO
OLGA,GIANNINI,1,SEGRETARIO
ANGELA,GOTELLI,2,VICEPRESIDENTE
ANGELA,GOTELLI,2,SEGRETARIO
GIORGINA,LEVI,4,SEGRETARIO
GIORGINA,LEVI,5,SEGRETARIO
INES,BOFFARDI,7,SEGRETARIO
MARIA VITTORIA,MEZZA,4,VICEPRESIDENTE
MARIA VITTORIA,MEZZA,5,VICEPRESIDENTE
GIUSEPPINA,RE,3,SEGRETARIO
GIUSEPPINA,RE,4,SEGRETARIO
GIUSEPPINA,RE,5,SEGRETARIO
VINCENZA,BRUNO BOSSIO,18,SEGRETARIO
MICHAELA,BIANCOFIORE,18,SEGRETARIO
MICHAELA,BIANCOFIORE,18,CAPOGRUPPO
JOLE,SANTELLI,18,VICEPRESIDENTE
MARIA,TRIPODI,18,CAPOGRUPPO
MARIA FLAVIA,TIMBRO,18,CAPOGRUPPO
VITTORIA,BALDINO,19,SEGRETARIO
GIORGIA,ANDREUZZA,19,CAPOGRUPPO
MONICA,CIABURRO,19,VICEPRESIDENTE
PASQUA,L'ABBATE,19,VICEPRESIDENTE
ELENA,BONETTI,19,CAPOGRUPPO
RITA,DALLA CHIESA,19,CAPOGRUPPO
MARIA CHIARA,GADDA,19,VICEPRESIDENTE
ELISA,SCUTELLA',19,CAPOGRUPPO
STEFANIA,ASCARI,19,CAPOGRUPPO
MARIA ANNA,MADIA,19,SEGRETARIO
MARIA ANNA,MADIA,19,VICEPRESIDENTE
NAIKE,GRUPPIONI,19,CAPOGRUPPO
FEDERICA,ONORI,19,CAPOGRUPPO
FEDERICA,ONORI,19,SEGRETARIO
GIULIA,PASTORELLA,19,CAPOGRUPPO
LUCREZIA MARIA BENEDETTA,MANTOVANI,19,CAPOGRUPPO
LIA,QUARTAPELLE PROCOPIO,19,VICEPRESIDENTE
ELISABETTA,GARDINI,19,PRESIDENTE
VALENTINA,GRIPPO,19,VICEPRESIDENTE
ELISABETTA,PICCOLOTTI,19,CAPOGRUPPO
MARTA,SCHIFONE,19,CAPOGRUPPO
CARMELA,AURIEMMA,19,COORDINATORE INELEGGIBILITA' E DECADENZE
CARMELA,AURIEMMA,19,VICEPRESIDENTE
PAOLA MARIA,CHIESA,19,CAPOGRUPPO
YLENJA,LUCASELLI,19,SEGRETARIO
YLENJA,LUCASELLI,19,PRESIDENTE
YLENJA,LUCASELLI,19,CAPOGRUPPO
CHIARA,COLOSIMO,19,SEGRETARIO
CHIARA,COLOSIMO,19,PRESIDENTE
TIZIANA,NISINI,19,VICEPRESIDENTE
MARIA ELENA,BOSCHI,19,CAPOGRUPPO
MARIA ELENA,BOSCHI,19,VICEPRESIDENTE
PAOLA,BOLDRINI,17,SEGRETARIO
BEATRICE,BRIGNONE,17,CAPOGRUPPO
SARA,FOSCOLO,18,CAPOGRUPPO
MANUELA,GAGLIARDI,18,CAPOGRUPPO
MANUELA,GAGLIARDI,18,SEGRETARIO
ANGELA,MASI,18,CAPOGRUPPO
LUCIA,SCANU,18,CAPOGRUPPO
BENEDETTA,FIORINI,18,SEGRETARIO
ANNA RITA,TATEO,18,SEGRETARIO
FLORA,FRATE,18,CAPOGRUPPO
STEFANIA,ASCARI,18,CAPOGRUPPO
STEFANIA,ASCARI,18,SEGRETARIO
ANTONELLA,INCERTI,18,CAPOGRUPPO
VALENTINA,D'ORSO,18,CAPOGRUPPO
FRANCESCA ANNA,RUGGIERO,18,CAPOGRUPPO
IOLANDA,DI STASIO,18,PRESIDENTE
IOLANDA,DI STASIO,18,CAPOGRUPPO
SABRINA,DE CARLO,18,CAPOGRUPPO
SIMONA,VIETINA,18,CAPOGRUPPO
DEBORA,SERRACCHIANI,18,PRESIDENTE
DEBORA,SERRACCHIANI,18,CAPOGRUPPO
DEBORA,SERRACCHIANI,18,VICEPRESIDENTE
CATIA,POLIDORI,18,VICEPRESIDENTE
RACHELE,SILVESTRI,18,CAPOGRUPPO
RACHELE,SILVESTRI,18,SEGRETARIO
CARMELA,GRIPPA,18,CAPOGRUPPO
MARTINA,PARISSE,18,CAPOGRUPPO
DANIELA,TORTO,18,CAPOGRUPPO
MARIA ROSARIA,CARFAGNA,18,VICEPRESIDENTE
MARIA ROSARIA,CARFAGNA,18,PRESIDENTE
FEDERICA,DAGA,18,SEGRETARIO
CARLA,RUOCCO,18,PRESIDENTE
CARLA,RUOCCO,18,CAPOGRUPPO
BEATRICE,LORENZIN,18,CAPOGRUPPO
BARBARA,SALTAMARTINI,18,PRESIDENTE
ELISABETTA,RIPANI,18,CAPOGRUPPO
DONATELLA,LEGNAIOLI,18,SEGRETARIO
ALESSANDRA,ERMELLINO,18,CAPOGRUPPO
ALESSANDRA,ERMELLINO,18,VICEPRESIDENTE
MARIALUISA,FARO,18,CAPOGRUPPO
STEFANIA,PRESTIGIACOMO,18,VICEPRESIDENTE
MICHELA,ROSTAN,18,CAPOGRUPPO
MICHELA,ROSTAN,18,VICEPRESIDENTE
TIZIANA,CIPRINI,18,SEGRETARIO
AZZURRA PIA MARIA,CANCELLERI,18,SEGRETARIO
GILDA,SPORTIELLO,18,CAPOGRUPPO
MARIA CAROLINA,VARCHI,18,CAPOGRUPPO
VITTORIA,BALDINO,18,CAPOGRUPPO
MARIA EDERA,SPADONI,18,PRESIDENTE
MARIA EDERA,SPADONI,18,VICEPRESIDENTE
ROSSELLA,MURONI,18,CAPOGRUPPO
ROSSELLA,MURONI,18,VICEPRESIDENTE
GLORIA,VIZZINI,18,CAPOGRUPPO
MARIA,SPENA,18,CAPOGRUPPO
MARIA,SPENA,18,VICEPRESIDENTE
CARLA,CANTONE,18,CAPOGRUPPO
CARLA,CANTONE,18,SEGRETARIO
ANNAGRAZIA,CALABRIA,18,VICEPRESIDENTE
ANNAGRAZIA,CALABRIA,18,CAPOGRUPPO
PAOLA,DEIANA,18,CAPOGRUPPO
GIORGIA,LATINI,18,VICEPRESIDENTE
ROSA,MENGA,18,CAPOGRUPPO
ANGELA,SALAFIA,18,VICEPRESIDENTE
ANGELA,SALAFIA,18,CAPOGRUPPO
CHIARA,GAGNARLI,18,CAPOGRUPPO
EMANUELA,CORDA,18,PRESIDENTE
EMANUELA,CORDA,18,CAPOGRUPPO
GIUSEPPINA,OCCHIONERO,18,CAPOGRUPPO
ANGELA,RAFFA,18,SEGRETARIO
ALESSANDRA,CARBONARO,18,CAPOGRUPPO
YANA CHIARA,EHM,18,SEGRETARIO
YANA CHIARA,EHM,18,CAPOGRUPPO
CATERINA,LICATINI,18,CAPOGRUPPO
ALESSIA,ROTTA,18,PRESIDENTE
GIUSI,BARTOLOZZI,18,SEGRETARIO
GIUSI,BARTOLOZZI,18,CAPOGRUPPO
MARIA TERESA,BELLUCCI,18,CAPOGRUPPO
MARTA ANTONIA,FASCINA,18,SEGRETARIO
CARLA,GIULIANO,18,CAPOGRUPPO
ELENA,MURELLI,18,CAPOGRUPPO
ROMINA,MURA,18,PRESIDENTE
FLAVIA,PICCOLI,18,CAPOGRUPPO
MARIA SOAVE,ALEMANNO,18,VICEPRESIDENTE
GIUSEPPINA,CASTIELLO,18,CAPOGRUPPO
EMANUELA CLAUDIA,DEL RE,18,PRESIDENTE
VERONICA,GIANNONE,18,SEGRETARIO
VERONICA,GIANNONE,18,CAPOGRUPPO
ANNA,MACINA,18,CAPOGRUPPO
TERESA,MANZO,18,CAPOGRUPPO
TERESA,MANZO,18,VICEPRESIDENTE
MIRELLA,LIUZZI,18,SEGRETARIO
RINA,DE LORENZO,18,CAPOGRUPPO
ANNA,ASCANI,18,CAPOGRUPPO
STEFANIA,PEZZOPANE,18,CAPOGRUPPO
LUCIA,CIAMPI,18,VICEPRESIDENTE
LAURA,CAVANDOLI,18,PRESIDENTE
LAURA,CAVANDOLI,18,SEGRETARIO
FRANCESCA,GALIZIA,18,CAPOGRUPPO
ANTONELLA,PAPIRO,18,CAPOGRUPPO
MAURA,TOMASI,18,PRESIDENTE
MAURA,TOMASI,18,VICEPRESIDENTE
MARTINA,NARDI,18,PRESIDENTE
MARTINA,NARDI,18,CAPOGRUPPO
PATRIZIA,PRESTIPINO,18,CAPOGRUPPO
GIULIA,SARTI,18,PRESIDENTE
GIULIA,SARTI,18,CAPOGRUPPO
RENATE,GEBHARD,18,CAPOGRUPPO
GIORGIA,ANDREUZZA,18,VICEPRESIDENTE
GIORGIA,ANDREUZZA,18,CAPOGRUPPO
CHIARA,BRAGA,18,CAPOGRUPPO
FRANCESCA,BUSINAROLO,18,PRESIDENTE
ANGELA,COLMELLERE,18,SEGRETARIO
SILVIA,FREGOLENT,18,CAPOGRUPPO
SILVIA,FREGOLENT,18,SEGRETARIO
SILVANA ANDREINA,COMAROLI,18,SEGRETARIO
RENATA,POLVERINI,18,VICEPRESIDENTE
RENATA,POLVERINI,18,CAPOGRUPPO
LUCIA,ANNIBALI,18,CAPOGRUPPO
ROSSANA LIDIA,BOLDI,18,VICEPRESIDENTE
RAFFAELLA,PAITA,18,CAPOGRUPPO
RAFFAELLA,PAITA,18,PRESIDENTE
RAFFAELLA,PAITA,18,SEGRETARIO
MARICA,FANTUZ,18,VICEPRESIDENTE
JESSICA,COSTANZO,18,CAPOGRUPPO
LAURA,CASTELLI,18,CAPOGRUPPO
GUIA,TERMINI,18,SEGRETARIO
MARIA ELENA,BOSCHI,18,CAPOGRUPPO
SILVIA,BENEDETTI,18,CAPOGRUPPO
MARIA CRISTINA,CARETTA,18,CAPOGRUPPO
EVA,LORENZONI,18,CAPOGRUPPO
FEDERICA,ZANELLA,18,CAPOGRUPPO
MIRELLA,CRISTINA,18,CAPOGRUPPO
LAURA,RAVETTO,18,CAPOGRUPPO
ELENA,LUCCHINI,18,CAPOGRUPPO
FEDERICA,DIENI,18,VICEPRESIDENTE
FEDERICA,DIENI,18,CAPOGRUPPO
FEDERICA,DIENI,18,SEGRETARIO
ARIANNA,LAZZARINI,18,SEGRETARIO
MARIASTELLA,GELMINI,18,CAPOGRUPPO
EMANUELA,ROSSINI,18,VICEPRESIDENTE
EMANUELA,ROSSINI,18,CAPOGRUPPO
DANIELA,RUFFINO,18,CAPOGRUPPO
CRISTINA,ROSSELLO,18,CAPOGRUPPO
LAURA,BOLDRINI,18,PRESIDENTE
LAURA,BOLDRINI,18,CAPOGRUPPO
SIMONA,BORDONALI,18,SEGRETARIO
VALENTINA,APREA,18,CAPOGRUPPO
MARIA CHIARA,GADDA,18,CAPOGRUPPO
LIA,QUARTAPELLE PROCOPIO,18,CAPOGRUPPO
LIA,QUARTAPELLE PROCOPIO,18,PRESIDENTE
LISA,NOJA,18,CAPOGRUPPO
LISA,NOJA,18,VICEPRESIDENTE
AUGUSTA,MONTARULI,18,CAPOGRUPPO
ANGELA,IANARO,18,CAPOGRUPPO
ELENA,MACCANTI,18,CAPOGRUPPO
WANDA,FERRO,18,SEGRETARIO
WANDA,FERRO,18,CAPOGRUPPO
MARINA,BERLINGHIERI,18,VICEPRESIDENTE
SARA,MORETTO,18,CAPOGRUPPO
SARA,MORETTO,18,SEGRETARIO
FRANCESCA,BONOMO,18,SEGRETARIO
INGRID,BISA,18,SEGRETARIO
INGRID,BISA,18,VICEPRESIDENTE
MARTA,GRANDE,18,CAPOGRUPPO
MARTA,GRANDE,18,PRESIDENTE
FABIANA,DADONE,18,PRESIDENTE
CLAUDIA,GOBBATO,18,CAPOGRUPPO
FRANCESCA,GERARDI,18,SEGRETARIO
FRANCESCA,GERARDI,18,CAPOGRUPPO
FABIOLA,BOLOGNA,18,CAPOGRUPPO
FABIOLA,BOLOGNA,18,SEGRETARIO
CELESTE,D'ARRANDO,18,CAPOGRUPPO
PAOLA,FRASSINETTI,18,VICEPRESIDENTE
MARIA,PALLINI,18,CAPOGRUPPO
ILARIA,FONTANA,18,CAPOGRUPPO
MONICA,CIABURRO,18,SEGRETARIO
ELENA,CARNEVALI,18,CAPOGRUPPO
ELISA,SIRAGUSA,18,CAPOGRUPPO
ELISA,SIRAGUSA,18,VICEPRESIDENTE
ELISA,SIRAGUSA,18,SEGRETARIO
FRANCESCA,LA MARCA,18,SEGRETARIO
ANGELA,NISSOLI,18,SEGRETARIO
MARIA TERESA,BALDINI,18,CAPOGRUPPO
LUCREZIA MARIA BENEDETTA,MANTOVANI,18,CAPOGRUPPO
CHIARA,TENERINI,19,CAPOGRUPPO
PAOLA,DE MICHELI,19,VICEPRESIDENTE
LUANA,ZANELLA,19,CAPOGRUPPO
LUANA,ZANELLA,19,VICEPRESIDENTE
ISABELLA,DE MONTE,19,CAPOGRUPPO
ISABELLA,DE MONTE,19,VICEPRESIDENTE
ISABELLA,DE MONTE,19,SEGRETARIO
MARTINA,SEMENZATO,19,CAPOGRUPPO
CHIARA,BRAGA,19,SEGRETARIO
CHIARA,BRAGA,19,CAPOGRUPPO
SIMONA,BORDONALI,19,SEGRETARIO
ILARIA,CAVO,19,CAPOGRUPPO
ILARIA,CAVO,19,VICEPRESIDENTE
MADDALENA,MORGANTE,19,SEGRETARIO
PATRIZIA,MARROCCO,19,VICEPRESIDENTE
GIOVANNA,IACONO,19,CAPOGRUPPO
ELEONORA,EVI,19,CAPOGRUPPO
ELEONORA,EVI,19,SEGRETARIO
LAURA,CAVANDOLI,19,CAPOGRUPPO
ILARIA,FONTANA,19,CAPOGRUPPO
MARIA CAROLINA,VARCHI,19,SEGRETARIO
MARIA CAROLINA,VARCHI,19,CAPOGRUPPO
MARTA ANTONIA,FASCINA,19,SEGRETARIO
GIORGIA,LATINI,19,VICEPRESIDENTE
RENATE,GEBHARD,19,CAPOGRUPPO
VALENTINA,BARZOTTI,19,CAPOGRUPPO
VALENTINA,BARZOTTI,19,SEGRETARIO
ANTONELLA,FORATTINI,19,CAPOGRUPPO
GILDA,SPORTIELLO,19,SEGRETARIO
GILDA,SPORTIELLO,19,CAPOGRUPPO
ANNA,ASCANI,19,VICEPRESIDENTE
ANNA,ASCANI,19,PRESIDENTE
FRANCESCA,GHIRRA,19,CAPOGRUPPO
DANIELA,TORTO,19,SEGRETARIO
DANIELA,TORTO,19,CAPOGRUPPO
MARIA IMMACOLATA,VIETRI,19,CAPOGRUPPO
MARIA CECILIA,GUERRA,19,VICEPRESIDENTE
ANNA LAURA,ORRICO,19,CAPOGRUPPO
AUGUSTA,MONTARULI,19,VICEPRESIDENTE
SIMONA,BONAFE',19,CAPOGRUPPO
DEBORAH,BERGAMINI,19,VICEPRESIDENTE
IRENE,MANZI,19,CAPOGRUPPO
ANNARITA,PATRIARCA,19,CAPOGRUPPO
ANNARITA,PATRIARCA,19,SEGRETARIO
MICHELA VITTORIA,BRAMBILLA,19,CAPOGRUPPO
ILENIA,MALAVASI,19,CAPOGRUPPO
DANIELA,RUFFINO,19,CAPOGRUPPO
DANIELA,RUFFINO,19,VICEPRESIDENTE
CRISTINA,ROSSELLO,19,CAPOGRUPPO
MARIA CRISTINA,CARETTA,19,VICEPRESIDENTE
ELENA,MACCANTI,19,CAPOGRUPPO
OUIDAD,BAKKALI,19,SEGRETARIO
VALENTINA,D'ORSO,19,CAPOGRUPPO
CARLA,GIULIANO,19,CAPOGRUPPO
DEBORA,SERRACCHIANI,19,CAPOGRUPPO
CHIARA,GRIBAUDO,19,VICEPRESIDENTE
CHIARA,GRIBAUDO,19,PRESIDENTE
EMMA,PAVANELLI,19,CAPOGRUPPO
INGRID,BISA,19,SEGRETARIO
INGRID,BISA,19,CAPOGRUPPO
SILVANA ANDREINA,COMAROLI,19,SEGRETARIO
SILVANA ANDREINA,COMAROLI,19,CAPOGRUPPO
SUSANNA,CENNI,18,VICEPRESIDENTE
DEBORAH,BERGAMINI,18,VICEPRESIDENTE
ROSA MARIA,DI GIORGI,18,CAPOGRUPPO
